epoch,accuracy,loss,precision_7,recall_7,val_accuracy,val_loss,val_precision_7,val_recall_7
0,0.5491666793823242,0.6867820024490356,0.5491666793823242,0.5491666793823242,0.5525000095367432,0.684169590473175,0.5525000095367432,0.5525000095367432
1,0.5600000023841858,0.6766290068626404,0.5600000023841858,0.5600000023841858,0.5716666579246521,0.6768098473548889,0.5716666579246521,0.5716666579246521
2,0.5944444537162781,0.6669508218765259,0.5944444537162781,0.5944444537162781,0.6349999904632568,0.6674919128417969,0.6349999904632568,0.6349999904632568
3,0.6474999785423279,0.6546489000320435,0.6474999785423279,0.6474999785423279,0.7091666460037231,0.6542754173278809,0.7091666460037231,0.7091666460037231
4,0.698888897895813,0.636466920375824,0.698888897895813,0.698888897895813,0.7366666793823242,0.6353662014007568,0.7366666793823242,0.7366666793823242
5,0.7297222018241882,0.610858678817749,0.7297222018241882,0.7297222018241882,0.7425000071525574,0.6087855100631714,0.7425000071525574,0.7425000071525574
6,0.7519444227218628,0.5788179039955139,0.7519444227218628,0.7519444227218628,0.7641666531562805,0.5769245624542236,0.7641666531562805,0.7641666531562805
7,0.7594444155693054,0.545741081237793,0.7594444155693054,0.7594444155693054,0.7666666507720947,0.5451980829238892,0.7666666507720947,0.7666666507720947
8,0.7691666483879089,0.5180662274360657,0.7691666483879089,0.7691666483879089,0.7674999833106995,0.5196337103843689,0.7674999833106995,0.7674999833106995
9,0.7808333039283752,0.49396568536758423,0.7808333039283752,0.7808333039283752,0.784166693687439,0.49729666113853455,0.784166693687439,0.784166693687439
10,0.7838888764381409,0.47666212916374207,0.7838888764381409,0.7838888764381409,0.7816666960716248,0.4853227734565735,0.7816666960716248,0.7816666960716248
11,0.7986111044883728,0.4618816077709198,0.7986111044883728,0.7986111044883728,0.7933333516120911,0.46988412737846375,0.7933333516120911,0.7933333516120911
12,0.8038889169692993,0.4513470530509949,0.8038889169692993,0.8038889169692993,0.8016666769981384,0.45965301990509033,0.8016666769981384,0.8016666769981384
13,0.8061110973358154,0.44113776087760925,0.8061110973358154,0.8061110973358154,0.8041666746139526,0.4508028030395508,0.8041666746139526,0.8041666746139526
14,0.8108333349227905,0.432251900434494,0.8108333349227905,0.8108333349227905,0.8033333420753479,0.44508835673332214,0.8033333420753479,0.8033333420753479
15,0.8116666674613953,0.4267466962337494,0.8116666674613953,0.8116666674613953,0.809166669845581,0.4386405348777771,0.809166669845581,0.809166669845581
16,0.8177777528762817,0.41628023982048035,0.8177777528762817,0.8177777528762817,0.8149999976158142,0.431761234998703,0.8149999976158142,0.8149999976158142
17,0.823888897895813,0.4089908301830292,0.823888897895813,0.823888897895813,0.8191666603088379,0.4268963038921356,0.8191666603088379,0.8191666603088379
18,0.8241666555404663,0.40386247634887695,0.8241666555404663,0.8241666555404663,0.8183333277702332,0.42073526978492737,0.8183333277702332,0.8183333277702332
19,0.8316666483879089,0.39765533804893494,0.8316666483879089,0.8316666483879089,0.8216666579246521,0.41806119680404663,0.8216666579246521,0.8216666579246521
20,0.8299999833106995,0.38886207342147827,0.8299999833106995,0.8299999833106995,0.8233333230018616,0.41145652532577515,0.8233333230018616,0.8233333230018616
21,0.8447222113609314,0.3807280361652374,0.8447222113609314,0.8447222113609314,0.8308333158493042,0.40690338611602783,0.8308333158493042,0.8308333158493042
22,0.8461111187934875,0.3768719434738159,0.8461111187934875,0.8461111187934875,0.8316666483879089,0.40289992094039917,0.8316666483879089,0.8316666483879089
23,0.8458333611488342,0.37086978554725647,0.8458333611488342,0.8458333611488342,0.8258333206176758,0.40280961990356445,0.8258333206176758,0.8258333206176758
24,0.8438888788223267,0.36455973982810974,0.8438888788223267,0.8438888788223267,0.8299999833106995,0.396797776222229,0.8299999833106995,0.8299999833106995
25,0.8505555391311646,0.3568513095378876,0.8505555391311646,0.8505555391311646,0.8358333110809326,0.392017126083374,0.8358333110809326,0.8358333110809326
26,0.8516666889190674,0.3574357032775879,0.8516666889190674,0.8516666889190674,0.8383333086967468,0.3878587484359741,0.8383333086967468,0.8383333086967468
27,0.8538888692855835,0.3489357829093933,0.8538888692855835,0.8538888692855835,0.8358333110809326,0.38409659266471863,0.8358333110809326,0.8358333110809326
28,0.8597221970558167,0.3442332148551941,0.8597221970558167,0.8597221970558167,0.8399999737739563,0.38168564438819885,0.8399999737739563,0.8399999737739563
29,0.8575000166893005,0.3367205858230591,0.8575000166893005,0.8575000166893005,0.8391666412353516,0.38093480467796326,0.8391666412353516,0.8391666412353516
30,0.85916668176651,0.3327992856502533,0.85916668176651,0.85916668176651,0.8391666412353516,0.3760775625705719,0.8391666412353516,0.8391666412353516
31,0.8633333444595337,0.3257264494895935,0.8633333444595337,0.8633333444595337,0.8441666960716248,0.37171095609664917,0.8441666960716248,0.8441666960716248
32,0.8744444251060486,0.31868642568588257,0.8744444251060486,0.8744444251060486,0.8433333039283752,0.3689972460269928,0.8433333039283752,0.8433333039283752
33,0.8736110925674438,0.3137072026729584,0.8736110925674438,0.8736110925674438,0.8383333086967468,0.3698093295097351,0.8383333086967468,0.8383333086967468
34,0.8747222423553467,0.3133763074874878,0.8747222423553467,0.8747222423553467,0.8424999713897705,0.36450499296188354,0.8424999713897705,0.8424999713897705
35,0.882777750492096,0.30392980575561523,0.882777750492096,0.882777750492096,0.8450000286102295,0.3621026575565338,0.8450000286102295,0.8450000286102295
36,0.8849999904632568,0.2969803810119629,0.8849999904632568,0.8849999904632568,0.8458333611488342,0.3584675192832947,0.8458333611488342,0.8458333611488342
37,0.8886111378669739,0.29383063316345215,0.8886111378669739,0.8886111378669739,0.8450000286102295,0.35747939348220825,0.8450000286102295,0.8450000286102295
38,0.8911111354827881,0.28813794255256653,0.8911111354827881,0.8911111354827881,0.8491666913032532,0.3537163734436035,0.8491666913032532,0.8491666913032532
39,0.887499988079071,0.29018616676330566,0.887499988079071,0.887499988079071,0.846666693687439,0.35269153118133545,0.846666693687439,0.846666693687439
40,0.8927778005599976,0.279780775308609,0.8927778005599976,0.8927778005599976,0.8491666913032532,0.3491334915161133,0.8491666913032532,0.8491666913032532
41,0.8963888883590698,0.27810490131378174,0.8963888883590698,0.8963888883590698,0.8491666913032532,0.346770703792572,0.8491666913032532,0.8491666913032532
42,0.8972222208976746,0.26732543110847473,0.8972222208976746,0.8972222208976746,0.8491666913032532,0.3474254012107849,0.8491666913032532,0.8491666913032532
43,0.8966666460037231,0.27074506878852844,0.8966666460037231,0.8966666460037231,0.8508333563804626,0.34437447786331177,0.8508333563804626,0.8508333563804626
44,0.9002777934074402,0.2607160210609436,0.9002777934074402,0.9002777934074402,0.8575000166893005,0.34061792492866516,0.8575000166893005,0.8575000166893005
45,0.9041666388511658,0.2565145492553711,0.9041666388511658,0.9041666388511658,0.8566666841506958,0.33838197588920593,0.8566666841506958,0.8566666841506958
46,0.9105555415153503,0.2466413974761963,0.9105555415153503,0.9105555415153503,0.8575000166893005,0.3362271189689636,0.8575000166893005,0.8575000166893005
47,0.9069444537162781,0.2486063838005066,0.9069444537162781,0.9069444537162781,0.8516666889190674,0.3362848162651062,0.8516666889190674,0.8516666889190674
48,0.9088888764381409,0.24228963255882263,0.9088888764381409,0.9088888764381409,0.8566666841506958,0.3352031111717224,0.8566666841506958,0.8566666841506958
49,0.9116666913032532,0.2362646460533142,0.9116666913032532,0.9116666913032532,0.8575000166893005,0.33091261982917786,0.8575000166893005,0.8575000166893005
50,0.9158333539962769,0.23096279799938202,0.9158333539962769,0.9158333539962769,0.8608333468437195,0.3350129723548889,0.8608333468437195,0.8608333468437195
51,0.9133333563804626,0.22903777658939362,0.9133333563804626,0.9133333563804626,0.8633333444595337,0.3278124928474426,0.8633333444595337,0.8633333444595337
52,0.9205555319786072,0.22392484545707703,0.9205555319786072,0.9205555319786072,0.8675000071525574,0.32722562551498413,0.8675000071525574,0.8675000071525574
53,0.9166666865348816,0.2205558717250824,0.9166666865348816,0.9166666865348816,0.8658333420753479,0.3250371515750885,0.8658333420753479,0.8658333420753479
54,0.9208333492279053,0.2164299190044403,0.9208333492279053,0.9208333492279053,0.8600000143051147,0.3234109878540039,0.8600000143051147,0.8600000143051147
55,0.9280555844306946,0.21044228971004486,0.9280555844306946,0.9280555844306946,0.8600000143051147,0.3223028779029846,0.8600000143051147,0.8600000143051147
56,0.9252777695655823,0.20838773250579834,0.9252777695655823,0.9252777695655823,0.8583333492279053,0.32163912057876587,0.8583333492279053,0.8583333492279053
57,0.9286110997200012,0.19805307686328888,0.9286110997200012,0.9286110997200012,0.8650000095367432,0.3192777633666992,0.8650000095367432,0.8650000095367432
58,0.9255555272102356,0.20332850515842438,0.9255555272102356,0.9255555272102356,0.8658333420753479,0.31831926107406616,0.8658333420753479,0.8658333420753479
59,0.9313889145851135,0.19583365321159363,0.9313889145851135,0.9313889145851135,0.8675000071525574,0.316959023475647,0.8675000071525574,0.8675000071525574
60,0.933055579662323,0.18791310489177704,0.933055579662323,0.933055579662323,0.8675000071525574,0.3198719024658203,0.8675000071525574,0.8675000071525574
61,0.9350000023841858,0.1826504021883011,0.9350000023841858,0.9350000023841858,0.8675000071525574,0.3150596618652344,0.8675000071525574,0.8675000071525574
62,0.9369444251060486,0.18349747359752655,0.9369444251060486,0.9369444251060486,0.8691666722297668,0.3154270052909851,0.8691666722297668,0.8691666722297668
63,0.9363889098167419,0.1810930371284485,0.9363889098167419,0.9363889098167419,0.8666666746139526,0.3128097355365753,0.8666666746139526,0.8666666746139526
64,0.9372222423553467,0.1789013147354126,0.9372222423553467,0.9372222423553467,0.8666666746139526,0.3117262125015259,0.8666666746139526,0.8666666746139526
65,0.9361110925674438,0.1757695972919464,0.9361110925674438,0.9361110925674438,0.8650000095367432,0.31139078736305237,0.8650000095367432,0.8650000095367432
66,0.9413889050483704,0.16954006254673004,0.9413889050483704,0.9413889050483704,0.8683333396911621,0.3097061216831207,0.8683333396911621,0.8683333396911621
67,0.9477777481079102,0.15965618193149567,0.9477777481079102,0.9477777481079102,0.871666669845581,0.31203460693359375,0.871666669845581,0.871666669845581
68,0.9436110854148865,0.1670600175857544,0.9436110854148865,0.9436110854148865,0.8650000095367432,0.3102574050426483,0.8650000095367432,0.8650000095367432
69,0.9424999952316284,0.1637064814567566,0.9424999952316284,0.9424999952316284,0.8675000071525574,0.3076120615005493,0.8675000071525574,0.8675000071525574
70,0.9466666579246521,0.15927746891975403,0.9466666579246521,0.9466666579246521,0.871666669845581,0.30644282698631287,0.871666669845581,0.871666669845581
71,0.948888897895813,0.14792850613594055,0.948888897895813,0.948888897895813,0.8700000047683716,0.30610448122024536,0.8700000047683716,0.8700000047683716
72,0.9511111378669739,0.14865867793560028,0.9511111378669739,0.9511111378669739,0.8641666769981384,0.3116755485534668,0.8641666769981384,0.8641666769981384
73,0.9544444680213928,0.1465746909379959,0.9544444680213928,0.9544444680213928,0.8733333349227905,0.3056313693523407,0.8733333349227905,0.8733333349227905
74,0.9516666531562805,0.13963842391967773,0.9516666531562805,0.9516666531562805,0.8675000071525574,0.30770638585090637,0.8675000071525574,0.8675000071525574
75,0.9549999833106995,0.1325739175081253,0.9549999833106995,0.9549999833106995,0.8700000047683716,0.3039759397506714,0.8700000047683716,0.8700000047683716
76,0.9530555605888367,0.1336861401796341,0.9530555605888367,0.9530555605888367,0.8733333349227905,0.30379655957221985,0.8733333349227905,0.8733333349227905
77,0.9583333134651184,0.12483349442481995,0.9583333134651184,0.9583333134651184,0.8675000071525574,0.3065471053123474,0.8675000071525574,0.8675000071525574
78,0.9563888907432556,0.12896664440631866,0.9563888907432556,0.9563888907432556,0.8675000071525574,0.30435872077941895,0.8675000071525574,0.8675000071525574
79,0.956944465637207,0.1260039508342743,0.956944465637207,0.956944465637207,0.8741666674613953,0.30508092045783997,0.8741666674613953,0.8741666674613953
80,0.9563888907432556,0.1236112043261528,0.9563888907432556,0.9563888907432556,0.8708333373069763,0.30560189485549927,0.8708333373069763,0.8708333373069763
81,0.9608333110809326,0.12150771170854568,0.9608333110809326,0.9608333110809326,0.8700000047683716,0.3035687804222107,0.8700000047683716,0.8700000047683716
82,0.9627777934074402,0.11474107205867767,0.9627777934074402,0.9627777934074402,0.8708333373069763,0.3031194806098938,0.8708333373069763,0.8708333373069763
83,0.9636111259460449,0.10784593969583511,0.9636111259460449,0.9636111259460449,0.8725000023841858,0.30477115511894226,0.8725000023841858,0.8725000023841858
84,0.9652777910232544,0.10959699004888535,0.9652777910232544,0.9652777910232544,0.8700000047683716,0.30578935146331787,0.8700000047683716,0.8700000047683716
85,0.9688888788223267,0.10558860003948212,0.9688888788223267,0.9688888788223267,0.8700000047683716,0.305757999420166,0.8700000047683716,0.8700000047683716
86,0.965833306312561,0.10758797824382782,0.965833306312561,0.965833306312561,0.871666669845581,0.3056189715862274,0.871666669845581,0.871666669845581
87,0.9655555486679077,0.10035537928342819,0.9655555486679077,0.9655555486679077,0.8700000047683716,0.3050297796726227,0.8700000047683716,0.8700000047683716
88,0.9677777886390686,0.10076246410608292,0.9677777886390686,0.9677777886390686,0.878333330154419,0.3041146993637085,0.878333330154419,0.878333330154419
89,0.9750000238418579,0.09460709244012833,0.9750000238418579,0.9750000238418579,0.8650000095367432,0.3197631537914276,0.8650000095367432,0.8650000095367432
90,0.9697222113609314,0.09431225806474686,0.9697222113609314,0.9697222113609314,0.8708333373069763,0.30686578154563904,0.8708333373069763,0.8708333373069763
91,0.9669444561004639,0.09222690761089325,0.9669444561004639,0.9669444561004639,0.8725000023841858,0.30640867352485657,0.8725000023841858,0.8725000023841858
92,0.9708333611488342,0.08520565181970596,0.9708333611488342,0.9708333611488342,0.8733333349227905,0.30654600262641907,0.8733333349227905,0.8733333349227905
93,0.9705555438995361,0.08701860159635544,0.9705555438995361,0.9705555438995361,0.8799999952316284,0.30593767762184143,0.8799999952316284,0.8799999952316284
94,0.9686111211776733,0.08821742236614227,0.9686111211776733,0.9686111211776733,0.875,0.3064018487930298,0.875,0.875
95,0.9752777814865112,0.07921120524406433,0.9752777814865112,0.9752777814865112,0.875,0.31360217928886414,0.875,0.875
96,0.9738888740539551,0.08369476348161697,0.9738888740539551,0.9738888740539551,0.8774999976158142,0.3070302903652191,0.8774999976158142,0.8774999976158142
97,0.9741666913032532,0.0783686488866806,0.9741666913032532,0.9741666913032532,0.8774999976158142,0.3085876405239105,0.8774999976158142,0.8774999976158142
98,0.972777783870697,0.07642747461795807,0.972777783870697,0.972777783870697,0.8791666626930237,0.30883467197418213,0.8791666626930237,0.8791666626930237
99,0.9758333563804626,0.07385748624801636,0.9758333563804626,0.9758333563804626,0.8816666603088379,0.31074389815330505,0.8816666603088379,0.8816666603088379
100,0.9786111116409302,0.0688314288854599,0.9786111116409302,0.9786111116409302,0.8799999952316284,0.3130737245082855,0.8799999952316284,0.8799999952316284
101,0.976111114025116,0.07253026217222214,0.976111114025116,0.976111114025116,0.878333330154419,0.3124561309814453,0.878333330154419,0.878333330154419
102,0.977222204208374,0.07167273014783859,0.977222204208374,0.977222204208374,0.8808333277702332,0.31230416893959045,0.8808333277702332,0.8808333277702332
103,0.9766666889190674,0.0684720054268837,0.9766666889190674,0.9766666889190674,0.8733333349227905,0.32870978116989136,0.8733333349227905,0.8733333349227905
104,0.9783333539962769,0.06578963249921799,0.9783333539962769,0.9783333539962769,0.8816666603088379,0.31542184948921204,0.8816666603088379,0.8816666603088379
105,0.9811111092567444,0.06280888617038727,0.9811111092567444,0.9811111092567444,0.8816666603088379,0.3161599040031433,0.8816666603088379,0.8816666603088379
106,0.980555534362793,0.06056668981909752,0.980555534362793,0.980555534362793,0.878333330154419,0.31671783328056335,0.878333330154419,0.878333330154419
107,0.9833333492279053,0.059939537197351456,0.9833333492279053,0.9833333492279053,0.8791666626930237,0.3238120675086975,0.8791666626930237,0.8791666626930237
108,0.9825000166893005,0.05818704143166542,0.9825000166893005,0.9825000166893005,0.8799999952316284,0.325802206993103,0.8799999952316284,0.8799999952316284
109,0.9808333516120911,0.05545862764120102,0.9808333516120911,0.9808333516120911,0.878333330154419,0.32151782512664795,0.878333330154419,0.878333330154419
110,0.9855555295944214,0.05110527575016022,0.9855555295944214,0.9855555295944214,0.8841666579246521,0.3215428292751312,0.8841666579246521,0.8841666579246521
111,0.9861111044883728,0.04941322281956673,0.9861111044883728,0.9861111044883728,0.8791666626930237,0.32934775948524475,0.8791666626930237,0.8791666626930237
112,0.9827777743339539,0.05210604891180992,0.9827777743339539,0.9827777743339539,0.8808333277702332,0.32526904344558716,0.8808333277702332,0.8808333277702332
113,0.9830555319786072,0.0507936105132103,0.9830555319786072,0.9830555319786072,0.8824999928474426,0.3279136121273041,0.8824999928474426,0.8824999928474426
114,0.988611102104187,0.04536119103431702,0.988611102104187,0.988611102104187,0.8833333253860474,0.3321078419685364,0.8833333253860474,0.8833333253860474
115,0.9813888669013977,0.05213603377342224,0.9813888669013977,0.9813888669013977,0.8849999904632568,0.33864447474479675,0.8849999904632568,0.8849999904632568
116,0.9827777743339539,0.052225515246391296,0.9827777743339539,0.9827777743339539,0.8824999928474426,0.33244889974594116,0.8824999928474426,0.8824999928474426
117,0.9838888645172119,0.047173358500003815,0.9838888645172119,0.9838888645172119,0.8841666579246521,0.32780176401138306,0.8841666579246521,0.8841666579246521
118,0.9880555272102356,0.04098956286907196,0.9880555272102356,0.9880555272102356,0.8841666579246521,0.3302628695964813,0.8841666579246521,0.8841666579246521
119,0.9869444370269775,0.041985295712947845,0.9869444370269775,0.9869444370269775,0.878333330154419,0.33474090695381165,0.878333330154419,0.878333330154419
120,0.987500011920929,0.03942084312438965,0.987500011920929,0.987500011920929,0.878333330154419,0.3374503254890442,0.878333330154419,0.878333330154419
121,0.9858333468437195,0.0442303903400898,0.9858333468437195,0.9858333468437195,0.8791666626930237,0.33546558022499084,0.8791666626930237,0.8791666626930237
122,0.9894444346427917,0.03947798162698746,0.9894444346427917,0.9894444346427917,0.8833333253860474,0.34209805727005005,0.8833333253860474,0.8833333253860474
123,0.9852777719497681,0.040116243064403534,0.9852777719497681,0.9852777719497681,0.8799999952316284,0.3447002172470093,0.8799999952316284,0.8799999952316284
124,0.9888888597488403,0.0383269339799881,0.9888888597488403,0.9888888597488403,0.8799999952316284,0.3459332287311554,0.8799999952316284,0.8799999952316284
125,0.9902777671813965,0.03393247351050377,0.9902777671813965,0.9902777671813965,0.878333330154419,0.34859269857406616,0.878333330154419,0.878333330154419
126,0.9894444346427917,0.03582971915602684,0.9894444346427917,0.9894444346427917,0.8816666603088379,0.35256874561309814,0.8816666603088379,0.8816666603088379
127,0.988611102104187,0.03452722355723381,0.988611102104187,0.988611102104187,0.878333330154419,0.3499215245246887,0.878333330154419,0.878333330154419
128,0.9894444346427917,0.03473994880914688,0.9894444346427917,0.9894444346427917,0.8824999928474426,0.3537347912788391,0.8824999928474426,0.8824999928474426
129,0.9880555272102356,0.03587082400918007,0.9880555272102356,0.9880555272102356,0.8849999904632568,0.3587125241756439,0.8849999904632568,0.8849999904632568
130,0.9911110997200012,0.030204221606254578,0.9911110997200012,0.9911110997200012,0.8808333277702332,0.36326348781585693,0.8808333277702332,0.8808333277702332
131,0.9900000095367432,0.03318847343325615,0.9900000095367432,0.9900000095367432,0.8833333253860474,0.3552725613117218,0.8833333253860474,0.8833333253860474
132,0.9930555820465088,0.027119379490613937,0.9930555820465088,0.9930555820465088,0.8816666603088379,0.36332938075065613,0.8816666603088379,0.8816666603088379
133,0.9913889169692993,0.02625119313597679,0.9913889169692993,0.9913889169692993,0.878333330154419,0.35864973068237305,0.878333330154419,0.878333330154419
134,0.9900000095367432,0.03150955215096474,0.9900000095367432,0.9900000095367432,0.8824999928474426,0.3632570803165436,0.8824999928474426,0.8824999928474426
135,0.9947222471237183,0.024700317531824112,0.9947222471237183,0.9947222471237183,0.8808333277702332,0.36816340684890747,0.8808333277702332,0.8808333277702332
136,0.992222249507904,0.02512807585299015,0.992222249507904,0.992222249507904,0.8808333277702332,0.3725040853023529,0.8808333277702332,0.8808333277702332
137,0.991944432258606,0.02684059552848339,0.991944432258606,0.991944432258606,0.8816666603088379,0.37820059061050415,0.8816666603088379,0.8816666603088379
138,0.9911110997200012,0.02720939926803112,0.9911110997200012,0.9911110997200012,0.8791666626930237,0.36920177936553955,0.8791666626930237,0.8791666626930237
139,0.9938889145851135,0.02397393248975277,0.9938889145851135,0.9938889145851135,0.8799999952316284,0.37309107184410095,0.8799999952316284,0.8799999952316284
140,0.9944444298744202,0.02505812980234623,0.9944444298744202,0.9944444298744202,0.8808333277702332,0.3714020550251007,0.8808333277702332,0.8808333277702332
141,0.9908333420753479,0.026005391031503677,0.9908333420753479,0.9908333420753479,0.8799999952316284,0.3780525326728821,0.8799999952316284,0.8799999952316284
142,0.9925000071525574,0.02545977011322975,0.9925000071525574,0.9925000071525574,0.8841666579246521,0.38444197177886963,0.8841666579246521,0.8841666579246521
143,0.9930555820465088,0.0251077339053154,0.9930555820465088,0.9930555820465088,0.8808333277702332,0.39102479815483093,0.8808333277702332,0.8808333277702332
144,0.9938889145851135,0.021924560889601707,0.9938889145851135,0.9938889145851135,0.8841666579246521,0.38886576890945435,0.8841666579246521,0.8841666579246521
145,0.9936110973358154,0.02177932672202587,0.9936110973358154,0.9936110973358154,0.878333330154419,0.38266533613204956,0.878333330154419,0.878333330154419
146,0.9944444298744202,0.021058138459920883,0.9944444298744202,0.9944444298744202,0.8791666626930237,0.3875527083873749,0.8791666626930237,0.8791666626930237
147,0.9944444298744202,0.0191440898925066,0.9944444298744202,0.9944444298744202,0.8808333277702332,0.3964420557022095,0.8808333277702332,0.8808333277702332
148,0.9936110973358154,0.022385206073522568,0.9936110973358154,0.9936110973358154,0.8824999928474426,0.3869227468967438,0.8824999928474426,0.8824999928474426
149,0.9927777647972107,0.025044435635209084,0.9927777647972107,0.9927777647972107,0.8833333253860474,0.3928484618663788,0.8833333253860474,0.8833333253860474
150,0.9938889145851135,0.021165115758776665,0.9938889145851135,0.9938889145851135,0.8808333277702332,0.39268746972084045,0.8808333277702332,0.8808333277702332
151,0.995555579662323,0.018732121214270592,0.995555579662323,0.995555579662323,0.8799999952316284,0.3975917100906372,0.8799999952316284,0.8799999952316284
152,0.9944444298744202,0.018290964886546135,0.9944444298744202,0.9944444298744202,0.8841666579246521,0.4027414917945862,0.8841666579246521,0.8841666579246521
153,0.9977777600288391,0.015220016241073608,0.9977777600288391,0.9977777600288391,0.8808333277702332,0.39774560928344727,0.8808333277702332,0.8808333277702332
154,0.9916666746139526,0.022336021065711975,0.9916666746139526,0.9916666746139526,0.8858333230018616,0.39989691972732544,0.8858333230018616,0.8858333230018616
155,0.9930555820465088,0.018707195296883583,0.9930555820465088,0.9930555820465088,0.8791666626930237,0.40901854634284973,0.8791666626930237,0.8791666626930237
156,0.995555579662323,0.017441371455788612,0.995555579662323,0.995555579662323,0.8858333230018616,0.41339439153671265,0.8858333230018616,0.8858333230018616
157,0.9938889145851135,0.017879962921142578,0.9938889145851135,0.9938889145851135,0.8824999928474426,0.4005987346172333,0.8824999928474426,0.8824999928474426
158,0.9958333373069763,0.01794302649796009,0.9958333373069763,0.9958333373069763,0.8841666579246521,0.41472119092941284,0.8841666579246521,0.8841666579246521
159,0.9952777624130249,0.01760338805615902,0.9952777624130249,0.9952777624130249,0.8816666603088379,0.4145498275756836,0.8816666603088379,0.8816666603088379
160,0.9947222471237183,0.019494472071528435,0.9947222471237183,0.9947222471237183,0.8824999928474426,0.42171919345855713,0.8824999928474426,0.8824999928474426
161,0.9958333373069763,0.015174455009400845,0.9958333373069763,0.9958333373069763,0.8816666603088379,0.4183765947818756,0.8816666603088379,0.8816666603088379
162,0.9950000047683716,0.014802532270550728,0.9950000047683716,0.9950000047683716,0.8816666603088379,0.42643794417381287,0.8816666603088379,0.8816666603088379
163,0.9969444274902344,0.01621212251484394,0.9969444274902344,0.9969444274902344,0.8799999952316284,0.4356004297733307,0.8799999952316284,0.8799999952316284
164,0.9961110949516296,0.01497881580144167,0.9961110949516296,0.9961110949516296,0.8824999928474426,0.426766037940979,0.8824999928474426,0.8824999928474426
165,0.9947222471237183,0.018241699784994125,0.9947222471237183,0.9947222471237183,0.8833333253860474,0.4325430393218994,0.8833333253860474,0.8833333253860474
166,0.9961110949516296,0.014607183635234833,0.9961110949516296,0.9961110949516296,0.8816666603088379,0.4308052957057953,0.8816666603088379,0.8816666603088379
167,0.9963889122009277,0.013974694535136223,0.9963889122009277,0.9963889122009277,0.8808333277702332,0.4337867200374603,0.8808333277702332,0.8808333277702332
168,0.9950000047683716,0.018251512199640274,0.9950000047683716,0.9950000047683716,0.8841666579246521,0.4356652796268463,0.8841666579246521,0.8841666579246521
169,0.995555579662323,0.017333893105387688,0.995555579662323,0.995555579662323,0.8824999928474426,0.427620530128479,0.8824999928474426,0.8824999928474426
170,0.9977777600288391,0.012438952922821045,0.9977777600288391,0.9977777600288391,0.8808333277702332,0.44640395045280457,0.8808333277702332,0.8808333277702332
171,0.9977777600288391,0.012538818642497063,0.9977777600288391,0.9977777600288391,0.8808333277702332,0.44475388526916504,0.8808333277702332,0.8808333277702332
172,0.9980555772781372,0.012266519479453564,0.9980555772781372,0.9980555772781372,0.8824999928474426,0.4365885555744171,0.8824999928474426,0.8824999928474426
173,0.9944444298744202,0.016178788617253304,0.9944444298744202,0.9944444298744202,0.875,0.4798612594604492,0.875,0.875
174,0.9972222447395325,0.013405278325080872,0.9972222447395325,0.9972222447395325,0.8833333253860474,0.4446551501750946,0.8833333253860474,0.8833333253860474
175,0.9958333373069763,0.015780748799443245,0.9958333373069763,0.9958333373069763,0.8808333277702332,0.45702651143074036,0.8808333277702332,0.8808333277702332
176,0.9938889145851135,0.017942998558282852,0.9938889145851135,0.9938889145851135,0.8808333277702332,0.44799336791038513,0.8808333277702332,0.8808333277702332
177,0.9969444274902344,0.01234383974224329,0.9969444274902344,0.9969444274902344,0.8849999904632568,0.4359615445137024,0.8849999904632568,0.8849999904632568
178,0.9963889122009277,0.01320935320109129,0.9963889122009277,0.9963889122009277,0.8833333253860474,0.4385000169277191,0.8833333253860474,0.8833333253860474
179,0.9963889122009277,0.011797109618782997,0.9963889122009277,0.9963889122009277,0.8833333253860474,0.4422856271266937,0.8833333253860474,0.8833333253860474
180,0.996666669845581,0.014773466624319553,0.996666669845581,0.996666669845581,0.8816666603088379,0.4401489198207855,0.8816666603088379,0.8816666603088379
181,0.9972222447395325,0.012059029191732407,0.9972222447395325,0.9972222447395325,0.8833333253860474,0.47192147374153137,0.8833333253860474,0.8833333253860474
182,0.9963889122009277,0.0135474419221282,0.9963889122009277,0.9963889122009277,0.8833333253860474,0.4440257251262665,0.8833333253860474,0.8833333253860474
183,0.9947222471237183,0.015099731273949146,0.9947222471237183,0.9947222471237183,0.8816666603088379,0.4470047056674957,0.8816666603088379,0.8816666603088379
184,0.9963889122009277,0.013766867108643055,0.9963889122009277,0.9963889122009277,0.8824999928474426,0.4546932578086853,0.8824999928474426,0.8824999928474426
185,0.9969444274902344,0.01333412155508995,0.9969444274902344,0.9969444274902344,0.8816666603088379,0.46721363067626953,0.8816666603088379,0.8816666603088379
186,0.9963889122009277,0.012618242762982845,0.9963889122009277,0.9963889122009277,0.8841666579246521,0.4500599205493927,0.8841666579246521,0.8841666579246521
187,0.996666669845581,0.011443030089139938,0.996666669845581,0.996666669845581,0.8858333230018616,0.4517483413219452,0.8858333230018616,0.8858333230018616
188,0.9972222447395325,0.011060686782002449,0.9972222447395325,0.9972222447395325,0.8824999928474426,0.4578421115875244,0.8824999928474426,0.8824999928474426
189,0.9983333349227905,0.00903892982751131,0.9983333349227905,0.9983333349227905,0.8824999928474426,0.46717381477355957,0.8824999928474426,0.8824999928474426
190,0.996666669845581,0.011409337632358074,0.996666669845581,0.996666669845581,0.8824999928474426,0.45988160371780396,0.8824999928474426,0.8824999928474426
191,0.9977777600288391,0.009369947016239166,0.9977777600288391,0.9977777600288391,0.8808333277702332,0.4577476978302002,0.8808333277702332,0.8808333277702332
192,0.9986110925674438,0.00812180433422327,0.9986110925674438,0.9986110925674438,0.8808333277702332,0.46647948026657104,0.8808333277702332,0.8808333277702332
193,0.9991666674613953,0.007717323489487171,0.9991666674613953,0.9991666674613953,0.8816666603088379,0.4826633334159851,0.8816666603088379,0.8816666603088379
194,0.9975000023841858,0.009605730883777142,0.9975000023841858,0.9975000023841858,0.8858333230018616,0.4708790183067322,0.8858333230018616,0.8858333230018616
195,0.9969444274902344,0.011183238588273525,0.9969444274902344,0.9969444274902344,0.8841666579246521,0.46751511096954346,0.8841666579246521,0.8841666579246521
196,0.9986110925674438,0.009409325197339058,0.9986110925674438,0.9986110925674438,0.8816666603088379,0.4697574973106384,0.8816666603088379,0.8816666603088379
197,0.9972222447395325,0.010047600604593754,0.9972222447395325,0.9972222447395325,0.8816666603088379,0.48746779561042786,0.8816666603088379,0.8816666603088379
198,0.9980555772781372,0.008130311965942383,0.9980555772781372,0.9980555772781372,0.8816666603088379,0.4829463064670563,0.8816666603088379,0.8816666603088379
199,0.996666669845581,0.01300185825675726,0.996666669845581,0.996666669845581,0.8799999952316284,0.470943808555603,0.8799999952316284,0.8799999952316284
